C12	12	1 2 3 4 5 6 7 8 9 10 11 0
C13	13	1 2 3 4 5 6 7 8 9 10 11 12 0
C14	14	1 2 3 4 5 6 7 8 9 10 11 12 13 0
C15	15	1 2 3 4 5 6 7 8 9 10 11 12 13 14 0
C16	16	1 2 3 4 5 6 7 8 9 10 11 12 13 14 15 0
C17	17	1 2 3 4 5 6 7 8 9 10 11 12 13 14 15 16 0
C18	18	1 2 3 4 5 6 7 8 9 10 11 12 13 14 15 16 17 0
C19	19	1 2 3 4 5 6 7 8 9 10 11 12 13 14 15 16 17 18 0
C20	20	1 2 3 4 5 6 7 8 9 10 11 12 13 14 15 16 17 18 19 0
C21	21	1 2 3 4 5 6 7 8 9 10 11 12 13 14 15 16 17 18 19 20 0
C22	22	1 2 3 4 5 6 7 8 9 10 11 12 13 14 15 16 17 18 19 20 21 0
C23	23	1 2 3 4 5 6 7 8 9 10 11 12 13 14 15 16 17 18 19 20 21 22 0
C24	24	1 2 3 4 5 6 7 8 9 10 11 12 13 14 15 16 17 18 19 20 21 22 23 0
C7x2orbits	14	1 2 3 4 5 6 0 8 9 10 11 12 13 7
C8x2orbits	16	1 2 3 4 5 6 7 0 9 10 11 12 13 14 15 8
C9x2orbits	18	1 2 3 4 5 6 7 8 0 10 11 12 13 14 15 16 17 9
C10x2orbits	20	1 2 3 4 5 6 7 8 9 0 11 12 13 14 15 16 17 18 19 10
C11x2orbits	22	1 2 3 4 5 6 7 8 9 10 0 12 13 14 15 16 17 18 19 20 21 11
C12x2orbits	24	1 2 3 4 5 6 7 8 9 10 11 0 13 14 15 16 17 18 19 20 21 22 23 12
C5x3orbits	15	1 2 3 4 0 6 7 8 9 5 11 12 13 14 10
C6x3orbits	18	1 2 3 4 5 0 7 8 9 10 11 6 13 14 15 16 17 12
C7x3orbits	21	1 2 3 4 5 6 0 8 9 10 11 12 13 7 15 16 17 18 19 20 14
C8x3orbits	24	1 2 3 4 5 6 7 0 9 10 11 12 13 14 15 8 17 18 19 20 21 22 23 16
AGL1_13	13	1 2 3 4 5 6 7 8 9 10 11 12 0;0 2 4 6 8 10 12 1 3 5 7 9 11
AGL1_13_sq	13	1 2 3 4 5 6 7 8 9 10 11 12 0;0 4 8 12 3 7 11 2 6 10 1 5 9
AGL1_17	17	1 2 3 4 5 6 7 8 9 10 11 12 13 14 15 16 0;0 3 6 9 12 15 1 4 7 10 13 16 2 5 8 11 14
AGL1_17_sq	17	1 2 3 4 5 6 7 8 9 10 11 12 13 14 15 16 0;0 9 1 10 2 11 3 12 4 13 5 14 6 15 7 16 8
AGL1_19	19	1 2 3 4 5 6 7 8 9 10 11 12 13 14 15 16 17 18 0;0 2 4 6 8 10 12 14 16 18 1 3 5 7 9 11 13 15 17
AGL1_19_sq	19	1 2 3 4 5 6 7 8 9 10 11 12 13 14 15 16 17 18 0;0 4 8 12 16 1 5 9 13 17 2 6 10 14 18 3 7 11 15
AGL1_23	23	1 2 3 4 5 6 7 8 9 10 11 12 13 14 15 16 17 18 19 20 21 22 0;0 5 10 15 20 2 7 12 17 22 4 9 14 19 1 6 11 16 21 3 8 13 18
AGL1_23_sq	23	1 2 3 4 5 6 7 8 9 10 11 12 13 14 15 16 17 18 19 20 21 22 0;0 2 4 6 8 10 12 14 16 18 20 22 1 3 5 7 9 11 13 15 17 19 21
PSL2_11	12	1 2 3 4 5 6 7 8 9 10 0 11;0 4 8 1 5 9 2 6 10 3 7 11;11 10 5 7 8 2 9 3 4 6 1 0
PSL2_13	14	1 2 3 4 5 6 7 8 9 10 11 12 0 13;0 4 8 12 3 7 11 2 6 10 1 5 9 13;13 12 6 4 3 5 2 11 8 10 9 7 1 0
PSL2_17	18	1 2 3 4 5 6 7 8 9 10 11 12 13 14 15 16 0 17;0 9 1 10 2 11 3 12 4 13 5 14 6 15 7 16 8 17;17 16 8 11 4 10 14 12 2 15 5 3 7 13 6 9 1 0
PSL2_19	20	1 2 3 4 5 6 7 8 9 10 11 12 13 14 15 16 17 18 0 19;0 4 8 12 16 1 5 9 13 17 2 6 10 14 18 3 7 11 15 19;19 18 9 6 14 15 3 8 7 2 17 12 11 16 4 5 13 10 1 0
PSL2_23	24	1 2 3 4 5 6 7 8 9 10 11 12 13 14 15 16 17 18 19 20 21 22 0 23;0 2 4 6 8 10 12 14 16 18 20 22 1 3 5 7 9 11 13 15 17 19 21 23;23 22 11 15 17 9 19 13 20 5 16 2 21 7 18 3 10 4 14 6 8 12 1 0
subAutDbl_0	18	7 8 6 3 4 5 0 1 2 12 13 14 9 10 11 15 16 17
subAutDbl_1	18	1 0 2 3 4 5 6 7 8 13 12 14 9 10 11 15 16 17;3 4 5 0 1 2 6 7 8 12 13 14 10 11 9 15 16 17
subAutDbl_2	18	10 11 9 12 13 14 15 16 17 5 3 4 6 7 8 2 0 1;12 13 14 15 17 16 9 10 11 3 4 5 6 7 8 1 0 2
subAutDbl_3	18	15 16 17 12 13 14 10 9 11 7 8 6 3 4 5 0 1 2
subAutDbl_4	18	13 12 14 15 16 17 10 9 11 6 7 8 4 5 3 0 1 2;12 13 14 9 11 10 15 16 17 3 4 5 6 7 8 1 0 2
subAutDbl_5	18	15 16 17 12 13 14 9 10 11 0 1 2 6 7 8 3 4 5;3 4 5 6 7 8 1 0 2 9 11 10 12 13 14 15 16 17
subAutDbl_6	18	15 17 16 12 13 14 9 10 11 3 4 5 6 7 8 0 1 2;8 6 7 3 4 5 1 0 2 16 15 17 10 11 9 12 13 14
subAutDbl_7	18	9 10 11 12 13 14 15 16 17 3 4 5 1 2 0 6 7 8
subAutDbl_8	18	11 9 10 12 13 14 15 16 17 3 4 5 6 7 8 0 1 2
subAutDbl_9	18	0 1 2 6 7 8 3 4 5 12 13 14 15 16 17 10 9 11
subAutDbl_10	18	0 1 2 6 7 8 3 4 5 13 12 14 15 16 17 9 10 11
subAutDbl_11	18	2 0 1 3 4 5 6 7 8 12 13 14 15 16 17 9 10 11;1 0 2 3 4 5 6 7 8 11 9 10 12 13 14 15 16 17
subAutDbl_12	18	16 17 15 9 10 11 12 13 14 1 2 0 3 5 4 6 7 8
subAutDbl_13	18	15 16 17 13 14 12 9 10 11 4 5 3 7 6 8 0 1 2
subAutDbl_14	18	4 3 5 1 0 2 6 7 8 12 13 14 9 10 11 15 16 17
subAutDbl_15	18	15 16 17 11 10 9 12 13 14 7 6 8 0 1 2 4 5 3
