group	n	orbits	verdict	solve_seconds
C12	12	43	UNSAT	0.0
C13	13	55	UNSAT	0.0
C14	14	73	UNSAT	0.0
C15	15	91	UNSAT	0.0
C16	16	116	UNSAT	0.0
C17	17	140	UNSAT	0.0
C18	18	172	UNSAT	0.0
C19	19	204	UNSAT	0.0
C20	20	245	UNSAT	0.1
C21	21	285	UNSAT	0.0
C22	22	335	UNSAT	0.0
C23	23	385	UNSAT	0.0
C24	24	446	UNSAT	0.0
C7x2orbits	14	143	UNSAT	1.4
C8x2orbits	16	232	UNSAT	2.9
C9x2orbits	18	340	UNSAT	0.1
C10x2orbits	20	489	UNSAT	14.2
C11x2orbits	22	665	UNSAT	17.6
C12x2orbits	24	892	UNSAT	47.7
C5x3orbits	15	273	UNSAT	155.5
C6x3orbits	18	516	UNSAT	158.7
C7x3orbits	21	855	UNSAT	82.7
C8x3orbits	24	1338	SKIPPED-too-many-orbits	
AGL1_13	13	7	UNSAT	0.0
AGL1_13_sq	13	13	UNSAT	0.0
AGL1_17	17	11	UNSAT	0.1
AGL1_17_sq	17	22	UNSAT	0.2
AGL1_19	19	14	UNSAT	0.2
AGL1_19_sq	19	24	UNSAT	0.3
AGL1_23	23	20	UNSAT	0.7
AGL1_23_sq	23	35	UNSAT	0.7
PSL2_11	12	2	UNSAT	0.0
PSL2_13	14	4	UNSAT	0.0
PSL2_17	18	4	UNSAT	0.0
PSL2_19	20	5	UNSAT	0.0
PSL2_23	24	5	UNSAT	0.0
subAutDbl_0	18	724	TIMEOUT	1800.1
subAutDbl_1	18	333	UNSAT	65.9
subAutDbl_2	18	11	UNSAT	0.2
subAutDbl_3	18	1072	OUT-OF-MEMORY	174.6
subAutDbl_4	18	9	UNSAT	0.2
subAutDbl_5	18	11	UNSAT	0.2
subAutDbl_6	18	9	UNSAT	0.1
subAutDbl_7	18	276	UNSAT	3.8
subAutDbl_8	18	172	UNSAT	0.4
subAutDbl_9	18	586	UNSAT	749.1
subAutDbl_10	18	586	UNSAT	832.9
subAutDbl_11	18	174	UNSAT	0.4
subAutDbl_12	18	266	UNSAT	5.2
subAutDbl_13	18	446	UNSAT	235.0
subAutDbl_14	18	1590	SKIPPED-too-many-orbits	
subAutDbl_15	18	516	UNSAT	172.2
